BOOT_BUTTON,24.03,108.91,180.00,BUTTON_CUSYOMV1,MYBUTTON
C1,154.71,6.13,270.00,100nF,EAGLE-LTSPICE_C0402
C10,44.44,108.43,270.00,100nF,EAGLE-LTSPICE_C0402
C10_SUPERCAP,93.24,50.04,270.00,CPH3225A,CAPCP3225X100N
C1_BAT,126.53,51.65,0.00,4.7uF,EAGLE-LTSPICE_C0402
C1_BAT1,128.48,38.82,180.00,4.7uF,EAGLE-LTSPICE_C0402
C1_BAT2,139.67,41.77,270.00,4.7uF,EAGLE-LTSPICE_C0402
C2,155.82,6.13,270.00,100nF,EAGLE-LTSPICE_C0402
C2_BAT,138.09,52.75,90.00,4.7uF,EAGLE-LTSPICE_C0402
C3,136.36,40.90,270.00,"100uF TANT",RCL_CT3528
C4,93.71,34.79,90.00,4.7uF/25V,EAGLE-LTSPICE_C0402
C4_USB,155.53,44.52,0.00,100nF,EAGLE-LTSPICE_C0402
C5,67.86,108.43,270.00,1uF,EAGLE-LTSPICE_C0402
C5_USB,155.44,46.12,0.00,4.7uF,EAGLE-LTSPICE_C0402
C6,28.55,108.43,270.00,100nF,EAGLE-LTSPICE_C0402
C7,82.09,27.18,0.00,10uF,EAGLE-LTSPICE_C0402
C8,86.38,46.93,180.00,100nF,EAGLE-LTSPICE_C0402
C9,5.46,100.48,270.00,100nF,EAGLE-LTSPICE_C0402
CHANGE_BUTTON,48.96,108.91,180.00,BUTTON_CUSYOMV1,MYBUTTON
CHG_LED,130.79,51.55,90.00,,ADAFRUIT_CHIP-LED0603
C_DELAY,52.17,100.27,270.00,100nF,EAGLE-LTSPICE_C0402
D1,154.88,49.07,0.00,USBLC6-2SC6Y,SOT95P280X145-6N
D10,74.87,25.07,0.00,PGB1010603MR,DIOC1608X36N
D11,53.95,35.52,90.00,PGB1010603MR,DIOC1608X36N
D12,10.43,98.87,0.00,PGB1010603MR,DIOC1608X36N
D2,127.69,42.13,90.00,ESP32_WROVER_AVX---SD0805S020S1R0_AVX_SD0805S020S1R0_0_0AVX_SD0805S020S1R0_0_0,ESP32_WROVER_AVX---SD0805S020S1R0_AVX_SD0805S020S1R0_0
D3,89.66,34.22,180.00,MBR0530,SOD3716X135N
D4,89.67,30.13,0.00,MBR0530,SOD3716X135N
D5,81.96,37.93,180.00,MBR0530,SOD3716X135N
D6,51.73,35.52,90.00,PGB1010603MR,DIOC1608X36N
D7,86.44,63.18,0.00,ESP32_WROVER_AVX---SD0805S020S1R0_AVX_SD0805S020S1R0_0_0AVX_SD0805S020S1R0_0_0,ESP32_WROVER_AVX---SD0805S020S1R0_AVX_SD0805S020S1R0_0
D8,48.51,35.52,90.00,PGB1010603MR,DIOC1608X36N
D9,36.74,48.47,270.00,PGB1010603MR,DIOC1608X36N
EPD_C1,73.50,20.02,90.00,1uF/50V,EAGLE-LTSPICE_C0402
EPD_C10,82.21,24.09,90.00,1uF/50V,EAGLE-LTSPICE_C0402
EPD_C11,80.49,24.09,90.00,1uF/50V,EAGLE-LTSPICE_C0402
EPD_C12,78.70,24.09,90.00,1uF/50V,EAGLE-LTSPICE_C0402
EPD_C2,71.83,20.00,90.00,1uF/50V,EAGLE-LTSPICE_C0402
EPD_C5,91.40,24.19,90.00,0.1uF/50V,EAGLE-LTSPICE_C0402
EPD_C6,89.44,24.10,90.00,1uF/50V,EAGLE-LTSPICE_C0402
EPD_C7,87.55,24.10,90.00,1uF/50V,EAGLE-LTSPICE_C0402
EPD_C8,85.66,24.10,90.00,1uF/50V,EAGLE-LTSPICE_C0402
EPD_C9,83.92,24.10,90.00,1uF/50V,EAGLE-LTSPICE_C0402
IC1,49.40,99.87,0.00,BD5229G-TR,SOT95P280X125-5N
IC4,131.53,42.14,0.00,XC6220A331MR-G,SOT95P280X120-5N
J1,84.87,13.24,0.00,FH34SRJ-24S-0.5SH_99_,FH34SRJ24S05SH99
J2,165.93,54.31,90.00,SAMACSYS_PARTS_USB4110-GF-A,SAMACSYS_PARTS_USB4110GFA
J3,167.15,19.31,90.00,QWIIC_RIGHT_ANGLE,JST04_1MM_RA
J4,9.09,88.92,270.00,112A-TAAR-R03_ATTEND,112ATAARR03ATTEND
L1,82.02,32.75,270.00,68uH,IND_4828-WE-TPC_WRE
MCP73831,134.65,50.64,90.00,ESP32_WROVER_SPARKFUN-IC-POWER_MCP73831,ESP32_WROVER_SPARKFUN-IC-POWER_SOT23-5
PFMF.050.1,154.09,41.60,180.00,ESP32C6_VARISTORCN1812,ESP32C6_VARISTOR_CT/CN1812
Q1,140.51,47.61,0.00,20V/4.2A/52mΩ/1.4W,ESP32_WROVER_SPARKFUN-DISCRETESEMI_SOT23-3
Q2,77.88,28.66,270.00,20V/4.2A/52mΩ/1.4W,ESP32_WROVER_SPARKFUN-DISCRETESEMI_SOT23-3
Q3,68.84,18.08,90.00,SI1308EDL-T1-GE3,SOT65P210X110-3N
R1,19.35,41.43,90.00,10K,ESP32_WROVER_EAGLE-LTSPICE_R0402
R10,48.63,31.93,270.00,10K,ESP32_WROVER_EAGLE-LTSPICE_R0402
R1_BAT,133.20,47.10,90.00,200,ESP32_WROVER_EAGLE-LTSPICE_R0402
R1_PINH,152.51,6.12,90.00,10K,ESP32_WROVER_EAGLE-LTSPICE_R0402
R1_PINH1,86.59,61.14,0.00,10K,ESP32_WROVER_EAGLE-LTSPICE_R0402
R1_PWRUSB,125.40,42.19,90.00,100K,ESP32_WROVER_EAGLE-LTSPICE_R0402
R2,66.48,14.26,0.00,2.2,ESP32_WROVER_EAGLE-LTSPICE_R0402
R2-PINH,153.61,6.14,90.00,10K,ESP32_WROVER_EAGLE-LTSPICE_R0402
R2-PINH1,90.38,59.94,90.00,10K,ESP32_WROVER_EAGLE-LTSPICE_R0402
R2-USB,151.33,49.18,270.00,5k1,ESP32_WROVER_EAGLE-LTSPICE_R0402
R2-USB1,158.15,51.87,90.00,5k1,ESP32_WROVER_EAGLE-LTSPICE_R0402
R2_BAT,130.41,49.70,0.00,2K,ESP32_WROVER_EAGLE-LTSPICE_R0402
R3,72.16,16.88,180.00,0.47,ESP32_WROVER_EAGLE-LTSPICE_R0402
R4,69.19,13.21,270.00,10K,ESP32_WROVER_EAGLE-LTSPICE_R0402
R5,34.66,48.46,270.00,10K,ESP32_WROVER_EAGLE-LTSPICE_R0402
R6,72.58,28.66,90.00,10K,ESP32_WROVER_EAGLE-LTSPICE_R0402
R7,53.95,31.81,270.00,10K,ESP32_WROVER_EAGLE-LTSPICE_R0402
R8,7.42,100.51,90.00,10K,ESP32_WROVER_EAGLE-LTSPICE_R0402
R9,51.64,31.86,270.00,10K,ESP32_WROVER_EAGLE-LTSPICE_R0402
RESET_BUTTON,64.05,108.91,180.00,BUTTON_CUSYOMV1,MYBUTTON
R_BOOT,19.16,108.28,90.00,10K,ESP32_WROVER_EAGLE-LTSPICE_R0402
R_CAPACITOR,90.60,49.79,90.00,15,ESP32_WROVER_EAGLE-LTSPICE_R0402
R_CHANGE,53.27,108.43,90.00,10K,ESP32_WROVER_EAGLE-LTSPICE_R0402
R_CL1,74.61,28.68,90.00,10K,ESP32_WROVER_EAGLE-LTSPICE_R0402
R_RESET,60.39,108.43,90.00,10K,ESP32_WROVER_EAGLE-LTSPICE_R0402
SENSOR2,153.92,11.37,90.00,BME688,ESP32_WROVER_BME680_PSON80P300X300X100-8N
SJ1,65.96,12.29,0.00,,SJ
TP1,57.96,93.89,0.00,TX,TP20R
TP10,6.63,15.16,0.00,EPD_CS,TP20R
TP11,14.09,13.14,0.00,EPD_DC,TP20R
TP12,20.88,8.91,0.00,EPD_RST,TP20R
TP13,32.33,14.66,0.00,EPD_3V3_C,TP20R
TP14,125.88,61.91,0.00,VBUS,TP20R
TP15,37.58,16.46,0.00,INT_RTC,TP20R
TP16,69.43,96.81,0.00,3V3,TP20R
TP17,49.93,13.66,0.00,EPD_3V3,TP20R
TP2,53.08,92.19,0.00,RX,TP20R
TP3,133.55,62.19,0.00,VBAT,TP20R
TP4,76.42,96.64,0.00,GND,TP20R
TP5,83.69,96.64,0.00,GND,TP20R
TP6,58.41,96.69,0.00,MISO,TP20R
TP7,62.58,87.04,0.00,MOSI,TP20R
TP8,68.25,87.09,0.00,SCK,TP20R
TP9,65.97,96.89,0.00,EPD_BUSY,TP20R
U1,41.39,55.06,0.00,W25Q512JVEIQ,SON127P600X800X80-9N
U2,16.05,53.74,90.00,ESP32-C6-WROOM-1-N8,XCVR_ESP32-C6-WROOM-1-N8
U3,83.40,54.15,270.00,DS3231SN#,SOIC127P1032X265-16N
U4,143.19,52.52,0.00,MAX17048G+T10,SON50P200X200X80-9N
